{
    "symbol_information": {
        "90:72:40:97:92:1a": 9.85746269261045, 
        "1c:6f:65:8a:22:e5": 9.442425193331609, 
        "30:85:a9:45:ba:71": 5.609535179166866, 
        "48:5b:39:39:53:74": 6.535534597723089, 
        "50:b7:c3:51:d1:f1": 5.798569003556882, 
        "00:25:90:d5:35:c0": 8.635070271274003, 
        "50:b7:c3:05:12:2d": 5.232971827702658, 
        "00:22:15:c8:d8:bd": 8.272500191889295, 
        "48:5b:39:ca:98:ff": 8.635070271274003, 
        "d4:c9:ef:5a:27:ba": 11.442425193331609, 
        "84:38:38:09:08:dc": 7.442425193331608, 
        "00:e0:4c:4d:14:d4": 11.442425193331609, 
        "48:5b:39:43:2f:c9": 1.8039892793411358, 
        "d8:50:e6:bd:75:66": 7.98299357469431, 
        "d8:50:e6:bd:75:64": 10.442425193331609, 
        "c8:d7:19:f7:ce:9d": 11.442425193331609, 
        "9c:4e:36:cd:62:28": 6.857462692610451, 
        "00:0b:82:16:d5:af": 10.442425193331609, 
        "00:00:74:bd:4e:c8": 7.635070271274004, 
        "48:5b:39:ba:8d:be": 7.120497098444245, 
        "b8:af:67:a3:5f:4b": 8.272500191889295, 
        "00:0b:82:16:da:ed": 11.442425193331609, 
        "90:e6:ba:d9:a8:b3": 11.442425193331609, 
        "00:1f:c6:b3:e8:31": 8.635070271274003, 
        "c8:d7:19:b7:31:f6": 10.442425193331609, 
        "50:46:5d:4f:a1:14": 11.442425193331609, 
        "24:fd:52:c3:41:df": 9.85746269261045, 
        "00:11:f5:31:5c:bf": 5.950572097001934, 
        "90:f6:52:00:9c:6b": 1.0684725379614142, 
        "38:59:f9:dc:60:62": 6.01616043862951, 
        "48:5b:39:43:2f:99": 11.442425193331609, 
        "74:d4:35:fb:6c:1d": 11.442425193331609, 
        "74:d4:35:fa:65:a5": 9.442425193331609, 
        "d8:50:e6:bd:75:6b": 6.050107770552847, 
        "40:f3:08:0d:ad:7d": 9.85746269261045, 
        "20:cf:30:b4:77:b8": 9.85746269261045, 
        "94:d7:71:1c:64:27": 7.857462692610451, 
        "90:e6:ba:e3:98:27": 7.741985475190515, 
        "64:31:50:d1:ea:07": 11.442425193331609, 
        "b6:01:8c:9f:05:8b": 11.442425193331609, 
        "d8:50:e6:bd:75:78": 11.442425193331609, 
        "00:26:18:ca:b4:8b": 11.442425193331609, 
        "50:e5:49:3c:cf:77": 11.442425193331609, 
        "d8:50:e6:bd:75:74": 8.442425193331607, 
        "10:bf:48:73:5a:98": 11.442425193331609, 
        "58:a2:b5:c4:c2:8e": 9.85746269261045, 
        "20:cf:30:c8:4e:8c": 8.442425193331607, 
        "f4:6d:04:91:c5:f9": 8.85746269261045, 
        "00:1a:70:63:fe:b5": 6.2725001918892955, 
        "00:0b:82:1d:01:30": 11.442425193331609, 
        "00:0b:82:45:6b:32": 11.442425193331609, 
        "50:46:5d:09:70:f5": 8.442425193331607, 
        "30:85:a9:f6:18:6c": 6.15702297446936, 
        "00:0b:82:3c:4d:0f": 11.442425193331609, 
        "1c:c1:de:34:4e:c3": 9.85746269261045, 
        "00:0b:82:1e:31:c3": 11.442425193331609, 
        "f4:6d:04:f0:2f:be": 10.442425193331609, 
        "00:0b:82:17:00:8d": 11.442425193331609, 
        "14:da:e9:ee:8f:c8": 8.442425193331607, 
        "00:22:15:cb:28:c4": 9.85746269261045
    }, 
    "source_entropy": 2.6402702409920935, 
    "symbol_frequency": {
        "90:72:40:97:92:1a": 0.0010779734099892202, 
        "1c:6f:65:8a:22:e5": 0.001437297879985627, 
        "30:85:a9:45:ba:71": 0.020481494789795184, 
        "48:5b:39:39:53:74": 0.010779734099892203, 
        "10:bf:48:73:5a:98": 0.00035932446999640676, 
        "50:b7:c3:51:d1:f1": 0.017966223499820338, 
        "00:25:90:d5:35:c0": 0.0025152712899748474, 
        "50:b7:c3:05:12:2d": 0.0265900107797341, 
        "00:22:15:c8:d8:bd": 0.0032339202299676607, 
        "48:5b:39:ca:98:ff": 0.0025152712899748474, 
        "d4:c9:ef:5a:27:ba": 0.00035932446999640676, 
        "84:38:38:09:08:dc": 0.005749191519942508, 
        "00:e0:4c:4d:14:d4": 0.00035932446999640676, 
        "48:5b:39:43:2f:c9": 0.2863816025871362, 
        "d8:50:e6:bd:75:66": 0.003952569169960474, 
        "d8:50:e6:bd:75:64": 0.0007186489399928135, 
        "c8:d7:19:f7:ce:9d": 0.00035932446999640676, 
        "9c:4e:36:cd:62:28": 0.008623787279913761, 
        "f4:6d:04:f0:2f:be": 0.0007186489399928135, 
        "00:0b:82:16:d5:af": 0.0007186489399928135, 
        "20:cf:30:c8:4e:8c": 0.002874595759971254, 
        "48:5b:39:ba:8d:be": 0.007186489399928135, 
        "90:e6:ba:e3:98:27": 0.004671218109953288, 
        "00:0b:82:16:da:ed": 0.00035932446999640676, 
        "90:e6:ba:d9:a8:b3": 0.00035932446999640676, 
        "00:1f:c6:b3:e8:31": 0.0025152712899748474, 
        "c8:d7:19:b7:31:f6": 0.0007186489399928135, 
        "50:46:5d:4f:a1:14": 0.00035932446999640676, 
        "24:fd:52:c3:41:df": 0.0010779734099892202, 
        "00:11:f5:31:5c:bf": 0.016169601149838304, 
        "90:f6:52:00:9c:6b": 0.47682357168523176, 
        "38:59:f9:dc:60:62": 0.01545095220984549, 
        "48:5b:39:43:2f:99": 0.00035932446999640676, 
        "74:d4:35:fb:6c:1d": 0.00035932446999640676, 
        "d8:50:e6:bd:75:6b": 0.015091627739849083, 
        "40:f3:08:0d:ad:7d": 0.0010779734099892202, 
        "20:cf:30:b4:77:b8": 0.0010779734099892202, 
        "00:26:18:ca:b4:8b": 0.00035932446999640676, 
        "64:31:50:d1:ea:07": 0.00035932446999640676, 
        "b6:01:8c:9f:05:8b": 0.00035932446999640676, 
        "d8:50:e6:bd:75:78": 0.00035932446999640676, 
        "94:d7:71:1c:64:27": 0.004311893639956881, 
        "50:e5:49:3c:cf:77": 0.00035932446999640676, 
        "d8:50:e6:bd:75:74": 0.002874595759971254, 
        "74:d4:35:fa:65:a5": 0.001437297879985627, 
        "58:a2:b5:c4:c2:8e": 0.0010779734099892202, 
        "00:00:74:bd:4e:c8": 0.005030542579949695, 
        "f4:6d:04:91:c5:f9": 0.0021559468199784403, 
        "00:1a:70:63:fe:b5": 0.012935680919870643, 
        "00:0b:82:1d:01:30": 0.00035932446999640676, 
        "00:0b:82:45:6b:32": 0.00035932446999640676, 
        "50:46:5d:09:70:f5": 0.002874595759971254, 
        "30:85:a9:f6:18:6c": 0.014013654329859864, 
        "00:0b:82:3c:4d:0f": 0.00035932446999640676, 
        "1c:c1:de:34:4e:c3": 0.0010779734099892202, 
        "00:0b:82:1e:31:c3": 0.00035932446999640676, 
        "b8:af:67:a3:5f:4b": 0.0032339202299676607, 
        "00:0b:82:17:00:8d": 0.00035932446999640676, 
        "14:da:e9:ee:8f:c8": 0.002874595759971254, 
        "00:22:15:cb:28:c4": 0.0010779734099892202
    }
}