{
    "symbol_information": {
        "00:00:74:9b:ce:9e": 14.241350119222416, 
        "48:5b:39:43:2f:99": 12.540910401081323, 
        "00:22:15:c8:d8:bd": 10.717788163165402, 
        "00:4f:70:20:50:c9": 13.43399519716481, 
        "84:38:38:09:08:dc": 10.955947900360167, 
        "48:5b:39:ba:8d:be": 9.937569371045312, 
        "00:0b:82:6f:c8:94": 14.65638761850126, 
        "b8:5e:7b:62:4d:d8": 16.241350119222414, 
        "90:e6:ba:d9:a8:b3": 12.540910401081323, 
        "00:0b:82:1a:b2:26": 16.241350119222414, 
        "00:0b:82:3c:4d:0f": 14.65638761850126, 
        "50:46:5d:4f:a1:14": 15.241350119222416, 
        "24:fd:52:c3:41:df": 14.65638761850126, 
        "e8:94:f6:d1:51:98": 15.241350119222416, 
        "38:59:f9:dc:60:62": 8.604725498678766, 
        "74:d4:35:fb:6c:1d": 12.43399519716481, 
        "94:d7:71:1c:64:27": 11.919422024335054, 
        "38:48:4c:d1:d7:7a": 9.132825662444246, 
        "b6:01:8c:9f:05:8b": 14.241350119222416, 
        "14:da:e9:ee:8f:c8": 10.781918500585117, 
        "f4:6d:04:91:c5:f9": 10.919422024335052, 
        "f4:6d:04:f0:2f:be": 12.071425117780102, 
        "48:5b:39:ca:98:ff": 12.919422024335054, 
        "28:e1:4c:09:c4:dd": 16.241350119222414, 
        "08:60:6e:7b:99:5b": 12.65638761850126, 
        "00:4f:70:20:53:46": 13.43399519716481, 
        "00:0b:82:16:da:8a": 16.241350119222414, 
        "c8:d7:19:f7:ce:9d": 16.241350119222414, 
        "9c:4e:36:cd:62:28": 9.686761267544778, 
        "00:21:5e:46:5f:a6": 16.241350119222414, 
        "50:46:5d:09:70:f5": 12.071425117780102, 
        "00:0b:82:1e:31:c3": 16.241350119222414, 
        "48:5b:39:c9:d3:e8": 8.849032696443656, 
        "30:85:a9:f6:18:6c": 10.21898230619396, 
        "00:4f:70:20:a2:c2": 13.43399519716481, 
        "00:4f:70:20:a0:44": 13.43399519716481, 
        "00:22:15:cb:28:c4": 11.486462617058947, 
        "90:72:40:97:92:1a": 13.919422024335052, 
        "1c:6f:65:8a:22:e5": 11.99342260577883, 
        "30:85:a9:45:ba:71": 8.370985399639011, 
        "50:b7:c3:51:d1:f1": 8.076443192546726, 
        "00:e0:4c:4d:14:d4": 12.65638761850126, 
        "d8:50:e6:bd:75:66": 10.59749392944769, 
        "d8:50:e6:bd:75:64": 12.43399519716481, 
        "00:4f:70:20:59:9a": 13.43399519716481, 
        "00:0b:82:17:00:8d": 15.241350119222416, 
        "74:d4:35:fa:65:a5": 12.43399519716481, 
        "00:0b:82:16:da:ed": 16.241350119222414, 
        "00:4f:70:20:65:db": 13.43399519716481, 
        "00:4f:70:20:a0:59": 13.43399519716481, 
        "64:31:50:d1:ea:07": 16.241350119222414, 
        "00:1a:70:8d:f1:67": 16.241350119222414, 
        "90:f6:52:00:9c:6b": 0.8127609447084103, 
        "36:fa:63:19:6a:9f": 15.241350119222416, 
        "00:4f:70:20:a0:66": 13.43399519716481, 
        "d8:50:e6:bd:75:6b": 8.694455659334778, 
        "40:f3:08:0d:ad:7d": 14.65638761850126, 
        "00:4f:70:20:a0:68": 13.43399519716481, 
        "00:26:18:ca:b4:8b": 12.65638761850126, 
        "d8:50:e6:bd:75:78": 12.540910401081323, 
        "00:0b:82:30:15:1b": 16.241350119222414, 
        "50:e5:49:3c:cf:77": 11.59749392944769, 
        "d8:50:e6:bd:75:74": 11.781918500585117, 
        "58:a2:b5:c4:c2:8e": 12.43399519716481, 
        "20:cf:30:c8:4e:8c": 12.919422024335054, 
        "00:1a:70:63:fe:b5": 9.186067683721225, 
        "00:1a:70:5a:74:c3": 14.65638761850126, 
        "1c:c1:de:34:4e:c3": 12.781918500585117, 
        "b8:af:67:a3:5f:4b": 10.849032696443654, 
        "00:4f:70:20:59:94": 13.43399519716481, 
        "00:15:f2:0d:33:c7": 13.919422024335052, 
        "00:4f:70:20:5a:b6": 13.43399519716481, 
        "20:6e:9c:08:c6:5b": 12.65638761850126, 
        "48:5b:39:39:53:74": 4.372527564447416, 
        "00:25:90:d5:35:c0": 12.919422024335054, 
        "50:b7:c3:05:12:2d": 7.520250930515229, 
        "d4:c9:ef:5a:27:ba": 14.241350119222416, 
        "48:5b:39:43:2f:c9": 1.5509155628273605, 
        "d8:50:e6:bd:75:e4": 12.65638761850126, 
        "00:0b:82:16:d5:af": 15.241350119222416, 
        "c6:e3:e2:76:79:28": 16.241350119222414, 
        "00:1f:c6:b3:e8:31": 11.153887277972075, 
        "c8:d7:19:b7:31:f6": 14.65638761850126, 
        "00:11:f5:31:5c:bf": 8.479798886777935, 
        "20:cf:30:b4:77:b8": 11.781918500585117, 
        "00:4f:70:20:66:a3": 13.43399519716481, 
        "00:0b:82:16:da:89": 16.241350119222414, 
        "00:0b:82:45:6b:32": 14.241350119222416, 
        "90:e6:ba:e3:98:27": 10.686761267544778, 
        "10:bf:48:73:5a:98": 12.071425117780102, 
        "00:00:74:bd:4e:c8": 9.99342260577883, 
        "00:0b:82:1d:01:32": 16.241350119222414, 
        "00:0b:82:1d:01:30": 16.241350119222414, 
        "00:0b:82:1d:01:31": 16.241350119222414, 
        "44:31:92:44:6a:b4": 15.241350119222416, 
        "00:0b:82:1d:02:42": 16.241350119222414, 
        "7c:fa:df:8c:bb:89": 14.65638761850126, 
        "00:0b:82:1a:b1:50": 16.241350119222414
    }, 
    "source_entropy": 1.59555916624234, 
    "symbol_frequency": {
        "00:00:74:9b:ce:9e": 5.16328901510262e-05, 
        "48:5b:39:43:2f:99": 0.00016780689299083517, 
        "00:22:15:c8:d8:bd": 0.0005937782367368014, 
        "00:4f:70:20:50:c9": 9.035755776429585e-05, 
        "84:38:38:09:08:dc": 0.0005034206789725055, 
        "48:5b:39:ba:8d:be": 0.0010197495804827675, 
        "00:0b:82:6f:c8:94": 3.872466761326965e-05, 
        "b8:5e:7b:62:4d:d8": 1.290822253775655e-05, 
        "90:e6:ba:d9:a8:b3": 0.00016780689299083517, 
        "00:0b:82:1a:b2:26": 1.290822253775655e-05, 
        "00:0b:82:3c:4d:0f": 3.872466761326965e-05, 
        "50:46:5d:4f:a1:14": 2.58164450755131e-05, 
        "24:fd:52:c3:41:df": 3.872466761326965e-05, 
        "e8:94:f6:d1:51:98": 2.58164450755131e-05, 
        "38:59:f9:dc:60:62": 0.002568736285013554, 
        "74:d4:35:fb:6c:1d": 0.0001807151155285917, 
        "94:d7:71:1c:64:27": 0.000258164450755131, 
        "38:48:4c:d1:d7:7a": 0.001781334710210404, 
        "b6:01:8c:9f:05:8b": 5.16328901510262e-05, 
        "14:da:e9:ee:8f:c8": 0.0005679617916612882, 
        "f4:6d:04:91:c5:f9": 0.000516328901510262, 
        "f4:6d:04:f0:2f:be": 0.00023234800567961791, 
        "48:5b:39:ca:98:ff": 0.0001290822253775655, 
        "28:e1:4c:09:c4:dd": 1.290822253775655e-05, 
        "08:60:6e:7b:99:5b": 0.0001548986704530786, 
        "00:4f:70:20:53:46": 9.035755776429585e-05, 
        "00:0b:82:16:da:8a": 1.290822253775655e-05, 
        "c8:d7:19:f7:ce:9d": 1.290822253775655e-05, 
        "9c:4e:36:cd:62:28": 0.0012133729185491158, 
        "00:21:5e:46:5f:a6": 1.290822253775655e-05, 
        "50:46:5d:09:70:f5": 0.00023234800567961791, 
        "00:0b:82:1e:31:c3": 1.290822253775655e-05, 
        "48:5b:39:c9:d3:e8": 0.0021685813863431005, 
        "30:85:a9:f6:18:6c": 0.0008390344649541759, 
        "00:4f:70:20:a2:c2": 9.035755776429585e-05, 
        "00:4f:70:20:a0:44": 9.035755776429585e-05, 
        "00:22:15:cb:28:c4": 0.0003485220085194269, 
        "90:72:40:97:92:1a": 6.454111268878275e-05, 
        "1c:6f:65:8a:22:e5": 0.0002452562282173745, 
        "00:0b:82:45:6b:32": 5.16328901510262e-05, 
        "30:85:a9:45:ba:71": 0.003020524073835033, 
        "50:b7:c3:51:d1:f1": 0.00370465986833613, 
        "00:e0:4c:4d:14:d4": 0.0001548986704530786, 
        "d8:50:e6:bd:75:66": 0.0006454111268878275, 
        "d8:50:e6:bd:75:64": 0.0001807151155285917, 
        "00:4f:70:20:59:9a": 9.035755776429585e-05, 
        "00:0b:82:17:00:8d": 2.58164450755131e-05, 
        "74:d4:35:fa:65:a5": 0.0001807151155285917, 
        "00:0b:82:16:da:ed": 1.290822253775655e-05, 
        "00:4f:70:20:65:db": 9.035755776429585e-05, 
        "00:4f:70:20:a0:59": 9.035755776429585e-05, 
        "64:31:50:d1:ea:07": 1.290822253775655e-05, 
        "00:1a:70:8d:f1:67": 1.290822253775655e-05, 
        "90:f6:52:00:9c:6b": 0.5692913385826772, 
        "36:fa:63:19:6a:9f": 2.58164450755131e-05, 
        "00:4f:70:20:a0:66": 9.035755776429585e-05, 
        "d8:50:e6:bd:75:6b": 0.002413837614560475,