{
    "symbol_information": {
        "192.168.1.236": 9.734709620225837, 
        "192.168.1.237": 4.062284278254343, 
        "192.168.1.91": 9.734709620225837, 
        "192.168.1.97": 8.734709620225837, 
        "192.168.1.233": 7.034269902084747, 
        "192.168.1.94": 1.5228213256798346, 
        "192.168.1.116": 8.412781525338477, 
        "192.168.1.114": 8.412781525338477, 
        "192.168.1.113": 8.734709620225837, 
        "192.168.1.238": 6.149747119504682, 
        "192.168.1.110": 10.734709620225837, 
        "192.168.1.133": 9.734709620225837, 
        "192.168.1.158": 10.734709620225837, 
        "192.168.1.1": 5.486782106782253, 
        "192.168.1.139": 10.734709620225837, 
        "192.168.1.244": 7.734709620225839, 
        "192.168.1.157": 10.734709620225837, 
        "192.168.1.170": 8.149747119504683, 
        "192.168.1.44": 9.149747119504683, 
        "192.168.1.24": 10.734709620225837, 
        "192.168.1.22": 9.734709620225837, 
        "192.168.1.221": 10.734709620225837, 
        "192.168.1.28": 2.041222662726513, 
        "192.168.1.62": 9.734709620225837, 
        "192.168.1.246": 10.734709620225837, 
        "169.254.255.255": 7.412781525338477, 
        "192.168.1.61": 7.927354698168234, 
        "192.168.1.40": 6.927354698168234, 
        "192.168.1.41": 8.412781525338477, 
        "192.168.1.64": 8.734709620225837, 
        "192.168.1.240": 3.690315500867385, 
        "192.168.1.66": 10.734709620225837, 
        "192.168.1.68": 10.734709620225837, 
        "192.168.1.202": 8.412781525338477, 
        "192.168.1.49": 8.412781525338477, 
        "192.168.1.247": 6.412781525338477, 
        "192.168.1.81": 8.412781525338477, 
        "192.168.1.84": 9.149747119504683, 
        "192.168.1.205": 10.734709620225837, 
        "192.168.1.222": 8.412781525338477, 
        "192.168.1.89": 9.734709620225837, 
        "192.168.1.229": 7.927354698168234, 
        "192.168.1.224": 5.605426603280872, 
        "192.168.1.107": 9.734709620225837, 
        "192.168.1.122": 7.275278001588541, 
        "192.168.1.123": 8.734709620225837, 
        "192.168.1.120": 8.734709620225837, 
        "192.168.1.106": 9.149747119504683, 
        "192.168.1.168": 4.394859617341213, 
        "192.168.1.143": 9.734709620225837, 
        "192.168.1.124": 8.734709620225837, 
        "192.168.1.128": 8.734709620225837, 
        "192.168.1.101": 9.149747119504683, 
        "192.168.1.47": 8.734709620225837, 
        "192.168.1.30": 9.149747119504683, 
        "192.168.1.33": 8.412781525338477, 
        "192.168.1.18": 9.149747119504683, 
        "192.168.1.37": 9.734709620225837, 
        "192.168.1.6": 9.734709620225837, 
        "192.168.1.39": 7.275278001588541, 
        "192.168.1.38": 8.412781525338477, 
        "192.168.1.77": 10.734709620225837, 
        "192.168.1.10": 9.149747119504683, 
        "192.168.1.71": 8.412781525338477, 
        "192.168.1.5": 9.734709620225837, 
        "192.168.1.73": 8.734709620225837, 
        "192.168.1.56": 10.734709620225837, 
        "192.168.1.252": 10.734709620225837, 
        "192.168.1.253": 7.564784618783526, 
        "192.168.1.53": 6.734709620225839, 
        "192.168.1.125": 9.149747119504683, 
        "192.168.1.74": 8.734709620225837, 
        "192.168.1.12": 10.734709620225837, 
        "192.168.1.248": 10.734709620225837, 
        "192.168.1.58": 9.734709620225837
    }, 
    "source_entropy": 3.456912984984716, 
    "symbol_frequency": {
        "192.168.1.236": 0.0011737089201877935, 
        "192.168.1.237": 0.05985915492957746, 
        "192.168.1.91": 0.0011737089201877935, 
        "192.168.1.97": 0.002347417840375587, 
        "192.168.1.233": 0.007629107981220657, 
        "192.168.1.94": 0.34800469483568075, 
        "192.168.1.116": 0.0029342723004694834, 
        "192.168.1.114": 0.0029342723004694834, 
        "192.168.1.113": 0.002347417840375587, 
        "192.168.1.238": 0.014084507042253521, 
        "192.168.1.110": 0.0005868544600938967, 
        "192.168.1.168": 0.04753521126760563, 
        "192.168.1.133": 0.0011737089201877935, 
        "192.168.1.158": 0.0005868544600938967, 
        "192.168.1.139": 0.0005868544600938967, 
        "192.168.1.84": 0.0017605633802816902, 
        "192.168.1.61": 0.004107981220657277, 
        "192.168.1.157": 0.0005868544600938967, 
        "192.168.1.170": 0.0035211267605633804, 
        "192.168.1.62": 0.0011737089201877935, 
        "192.168.1.24": 0.0005868544600938967, 
        "192.168.1.22": 0.0011737089201877935, 
        "192.168.1.252": 0.0005868544600938967, 
        "192.168.1.28": 0.24295774647887325, 
        "192.168.1.44": 0.0017605633802816902, 
        "192.168.1.246": 0.0005868544600938967, 
        "169.254.255.255": 0.005868544600938967, 
        "192.168.1.244": 0.004694835680751174, 
        "192.168.1.40": 0.008215962441314555, 
        "192.168.1.41": 0.0029342723004694834, 
        "192.168.1.64": 0.002347417840375587, 
        "192.168.1.240": 0.07746478873239436, 
        "192.168.1.66": 0.0005868544600938967, 
        "192.168.1.68": 0.0005868544600938967, 
        "192.168.1.49": 0.0029342723004694834, 
        "192.168.1.247": 0.011737089201877934, 
        "192.168.1.81": 0.0029342723004694834, 
        "192.168.1.221": 0.0005868544600938967, 
        "192.168.1.205": 0.0005868544600938967, 
        "192.168.1.222": 0.0029342723004694834, 
        "192.168.1.89": 0.0011737089201877935, 
        "192.168.1.229": 0.004107981220657277, 
        "192.168.1.143": 0.0011737089201877935, 
        "192.168.1.224": 0.020539906103286387, 
        "192.168.1.107": 0.0011737089201877935, 
        "192.168.1.122": 0.006455399061032864, 
        "192.168.1.123": 0.002347417840375587, 
        "192.168.1.120": 0.002347417840375587, 
        "192.168.1.106": 0.0017605633802816902, 
        "192.168.1.1": 0.022300469483568074, 
        "192.168.1.125": 0.0017605633802816902, 
        "192.168.1.124": 0.002347417840375587, 
        "192.168.1.128": 0.002347417840375587, 
        "192.168.1.47": 0.002347417840375587, 
        "192.168.1.30": 0.0017605633802816902, 
        "192.168.1.33": 0.0029342723004694834, 
        "192.168.1.18": 0.0017605633802816902, 
        "192.168.1.37": 0.0011737089201877935, 
        "192.168.1.6": 0.0011737089201877935, 
        "192.168.1.39": 0.006455399061032864, 
        "192.168.1.38": 0.0029342723004694834, 
        "192.168.1.77": 0.0005868544600938967, 
        "192.168.1.10": 0.0017605633802816902, 
        "192.168.1.71": 0.0029342723004694834, 
        "192.168.1.5": 0.0011737089201877935, 
        "192.168.1.73": 0.002347417840375587, 
        "192.168.1.56": 0.0005868544600938967, 
        "192.168.1.202": 0.0029342723004694834, 
        "192.168.1.253": 0.00528169014084507, 
        "192.168.1.53": 0.009389671361502348, 
        "192.168.1.101": 0.0017605633802816902, 
        "192.168.1.74": 0.002347417840375587, 
        "192.168.1.12": 0.0005868544600938967, 
        "192.168.1.248": 0.0005868544600938967, 
        "192.168.1.58": 0.0011737089201877935
    }
}