{
    "symbol_information": {
        "00:00:74:9b:ce:9e": 13.650041989721018, 
        "48:5b:39:43:2f:99": 11.949602271579927, 
        "00:22:15:c8:d8:bd": 10.158188893391344, 
        "00:4f:70:20:50:c9": 12.842687067663414, 
        "84:38:38:09:08:dc": 10.364639770858771, 
        "48:5b:39:ba:8d:be": 9.346261241543916, 
        "00:0b:82:6f:c8:94": 14.065079488999864, 
        "b8:5e:7b:62:4d:d8": 15.650041989721018, 
        "90:e6:ba:d9:a8:b3": 11.949602271579927, 
        "00:0b:82:1a:b2:26": 15.650041989721018, 
        "00:0b:82:3c:4d:0f": 14.065079488999864, 
        "50:46:5d:4f:a1:14": 14.650041989721018, 
        "24:fd:52:c3:41:df": 14.065079488999864, 
        "e8:94:f6:d1:51:98": 15.650041989721018, 
        "38:59:f9:dc:60:62": 8.057584952452938, 
        "74:d4:35:fb:6c:1d": 12.065079488999864, 
        "94:d7:71:1c:64:27": 11.7431513941125, 
        "38:48:4c:d1:d7:7a": 8.54151753294285, 
        "b6:01:8c:9f:05:8b": 13.650041989721018, 
        "14:da:e9:ee:8f:c8": 10.190610371083721, 
        "f4:6d:04:91:c5:f9": 10.402114476277433, 
        "f4:6d:04:f0:2f:be": 11.480116988278706, 
        "48:5b:39:ca:98:ff": 12.328113894833658, 
        "28:e1:4c:09:c4:dd": 15.650041989721018, 
        "08:60:6e:7b:99:5b": 12.065079488999864, 
        "00:4f:70:20:53:46": 12.842687067663414, 
        "00:0b:82:16:da:8a": 15.650041989721018, 
        "c8:d7:19:f7:ce:9d": 15.650041989721018, 
        "9c:4e:36:cd:62:28": 9.158188893391344, 
        "00:21:5e:46:5f:a6": 15.650041989721018, 
        "50:46:5d:09:70:f5": 11.480116988278706, 
        "00:0b:82:1e:31:c3": 15.650041989721018, 
        "48:5b:39:c9:d3:e8": 8.257724566942258, 
        "30:85:a9:f6:18:6c": 9.89515448755755, 
        "00:4f:70:20:a2:c2": 12.842687067663414, 
        "00:4f:70:20:a0:44": 12.842687067663414, 
        "00:22:15:cb:28:c4": 11.7431513941125, 
        "90:72:40:97:92:1a": 13.328113894833658, 
        "1c:6f:65:8a:22:e5": 11.650041989721018, 
        "30:85:a9:45:ba:71": 7.779677270137614, 
        "50:b7:c3:51:d1:f1": 7.515615669500093, 
        "00:e0:4c:4d:14:d4": 12.190610371083721, 
        "d8:50:e6:bd:75:66": 10.065079488999864, 
        "d8:50:e6:bd:75:64": 11.842687067663414, 
        "00:4f:70:20:59:9a": 12.842687067663414, 
        "00:0b:82:17:00:8d": 14.650041989721018, 
        "74:d4:35:fa:65:a5": 11.842687067663414, 
        "00:0b:82:16:da:ed": 15.650041989721018, 
        "00:4f:70:20:65:db": 12.842687067663414, 
        "00:4f:70:20:a0:59": 12.842687067663414, 
        "64:31:50:d1:ea:07": 15.650041989721018, 
        "00:1a:70:8d:f1:67": 15.650041989721018, 
        "90:f6:52:00:9c:6b": 0.8113304714077051, 
        "36:fa:63:19:6a:9f": 14.650041989721018, 
        "00:4f:70:20:a0:66": 12.842687067663414, 
        "d8:50:e6:bd:75:6b": 8.174308558754621, 
        "40:f3:08:0d:ad:7d": 14.065079488999864, 
        "00:4f:70:20:a0:68": 12.842687067663414, 
        "00:26:18:ca:b4:8b": 12.065079488999864, 
        "d8:50:e6:bd:75:78": 12.065079488999864, 
        "00:0b:82:30:15:1b": 15.650041989721018, 
        "50:e5:49:3c:cf:77": 11.006185799946294, 
        "d8:50:e6:bd:75:74": 11.190610371083721, 
        "58:a2:b5:c4:c2:8e": 11.949602271579927, 
        "20:cf:30:c8:4e:8c": 12.328113894833658, 
        "00:1a:70:63:fe:b5": 8.627674176692564, 
        "00:1a:70:5a:74:c3": 14.065079488999864, 
        "1c:c1:de:34:4e:c3": 12.190610371083721, 
        "b8:af:67:a3:5f:4b": 10.257724566942258, 
        "00:4f:70:20:59:94": 12.842687067663414, 
        "00:15:f2:0d:33:c7": 13.328113894833658, 
        "00:4f:70:20:5a:b6": 12.842687067663414, 
        "20:6e:9c:08:c6:5b": 12.065079488999864, 
        "48:5b:39:39:53:74": 4.9238238303888195, 
        "00:25:90:d5:35:c0": 12.328113894833658, 
        "50:b7:c3:05:12:2d": 6.981157005454772, 
        "d4:c9:ef:5a:27:ba": 13.650041989721018, 
        "48:5b:39:43:2f:c9": 1.567643426293211, 
        "d8:50:e6:bd:75:e4": 12.065079488999864, 
        "00:0b:82:16:d5:af": 14.650041989721018, 
        "c6:e3:e2:76:79:28": 15.650041989721018, 
        "00:1f:c6:b3:e8:31": 10.562579148470679, 
        "c8:d7:19:b7:31:f6": 14.065079488999864, 
        "00:11:f5:31:5c:bf": 7.928942801013833, 
        "20:cf:30:b4:77:b8": 11.190610371083721, 
        "00:4f:70:20:66:a3": 12.842687067663414, 
        "00:0b:82:16:da:89": 15.650041989721018, 
        "00:0b:82:45:6b:32": 13.650041989721018, 
        "90:e6:ba:e3:98:27": 10.292489985102934, 
        "10:bf:48:73:5a:98": 11.56257914847068, 
        "00:00:74:bd:4e:c8": 9.627674176692565, 
        "00:0b:82:1d:01:32": 15.650041989721018, 
        "00:0b:82:1d:01:30": 15.650041989721018, 
        "00:0b:82:1d:01:31": 15.650041989721018, 
        "44:31:92:44:6a:b4": 15.650041989721018, 
        "00:0b:82:1d:02:42": 15.650041989721018, 
        "7c:fa:df:8c:bb:89": 14.065079488999864, 
        "00:0b:82:1a:b1:50": 15.650041989721018
    }, 
    "source_entropy": 1.691018774938701, 
    "symbol_frequency": {
        "00:00:74:9b:ce:9e": 7.77907429015947e-05, 
        "48:5b:39:43:2f:99": 0.0002528199144301828, 
        "00:22:15:c8:d8:bd": 0.0008751458576429405, 
        "00:4f:70:20:50:c9": 0.00013613380007779075, 
        "84:38:38:09:08:dc": 0.0007584597432905484, 
        "48:5b:39:ba:8d:be": 0.0015363671723064955, 
        "00:0b:82:6f:c8:94": 5.8343057176196036e-05, 
        "b8:5e:7b:62:4d:d8": 1.9447685725398676e-05, 
        "90:e6:ba:d9:a8:b3": 0.0002528199144301828, 
        "00:0b:82:1a:b2:26": 1.9447685725398676e-05, 
        "00:0b:82:3c:4d:0f": 5.8343057176196036e-05, 
        "50:46:5d:4f:a1:14": 3.889537145079735e-05, 
        "24:fd:52:c3:41:df": 5.8343057176196036e-05, 
        "e8:94:f6:d1:51:98": 1.9447685725398676e-05, 
        "38:59:f9:dc:60:62": 0.0037534033450019448, 
        "74:d4:35:fb:6c:1d": 0.00023337222870478414, 
        "94:d7:71:1c:64:27": 0.00029171528588098014, 
        "38:48:4c:d1:d7:7a": 0.0026837806301050174, 
        "b6:01:8c:9f:05:8b": 7.77907429015947e-05, 
        "14:da:e9:ee:8f:c8": 0.0008556981719175418, 
        "f4:6d:04:91:c5:f9": 0.0007390120575651497, 
        "f4:6d:04:f0:2f:be": 0.0003500583430571762, 
        "48:5b:39:ca:98:ff": 0.00019447685725398678, 
        "28:e1:4c:09:c4:dd": 1.9447685725398676e-05, 
        "08:60:6e:7b:99:5b": 0.00023337222870478414, 
        "00:4f:70:20:53:46": 0.00013613380007779075, 
        "00:0b:82:16:da:8a": 1.9447685725398676e-05, 
        "c8:d7:19:f7:ce:9d": 1.9447685725398676e-05, 
        "9c:4e:36:cd:62:28": 0.001750291715285881, 
        "00:21:5e:46:5f:a6": 1.9447685725398676e-05, 
        "50:46:5d:09:70:f5": 0.0003500583430571762, 
        "00:0b:82:1e:31:c3": 1.9447685725398676e-05, 
        "48:5b:39:c9:d3:e8": 0.003267211201866978, 
        "30:85:a9:f6:18:6c": 0.0010501750291715287, 
        "00:4f:70:20:a2:c2": 0.00013613380007779075, 
        "00:4f:70:20:a0:44": 0.00013613380007779075, 
        "00:22:15:cb:28:c4": 0.00029171528588098014, 
        "90:72:40:97:92:1a": 9.723842862699339e-05, 
        "1c:6f:65:8a:22:e5": 0.0003111629716063788, 
        "00:0b:82:45:6b:32": 7.77907429015947e-05, 
        "30:85:a9:45:ba:71": 0.0045507584597432905, 
        "50:b7:c3:51:d1:f1": 0.0054647996888370284, 
        "00:e0:4c:4d:14:d4": 0.00021392454297938546, 
        "d8:50:e6:bd:75:66": 0.0009334889148191366, 
        "d8:50:e6:bd:75:64": 0.0002722676001555815, 
        "00:4f:70:20:59:9a": 0.00013613380007779075, 
        "00:0b:82:17:00:8d": 3.889537145079735e-05, 
        "74:d4:35:fa:65:a5": 0.0002722676001555815, 
        "00:0b:82:16:da:ed": 1.9447685725398676e-05, 
        "00:4f:70:20:65:db": 0.00013613380007779075, 
        "00:4f:70:20:a0:59": 0.00013613380007779075, 
        "64:31:50:d1:ea:07": 1.9447685725398676e-05, 
        "00:1a:70:8d:f1:67": 1.9447685725398676e-05, 
        "90:f6:52:00:9c:6b": 0.5698560871256321, 
        "36:fa:63:19:6a:9f": 3.889537145079735e-05, 
        "00:4f:70:20:a0:66": 0.00013613380007779075,