{
    "symbol_information": {
        "00:00:74:9b:ce:9e": 12.595374048737176, 
        "48:5b:39:43:2f:99": 10.01041154801602, 
        "00:22:15:c8:d8:bd": 8.385920683108226, 
        "00:4f:70:20:50:c9": 10.788019126679572, 
        "84:38:38:09:08:dc": 8.309971829874929, 
        "48:5b:39:ba:8d:be": 7.4868495919590075, 
        "00:0b:82:6f:c8:94": 12.595374048737176, 
        "b8:5e:7b:62:4d:d8": 13.595374048737176, 
        "90:e6:ba:d9:a8:b3": 10.01041154801602, 
        "00:0b:82:1a:b2:26": 13.595374048737176, 
        "00:0b:82:3c:4d:0f": 12.010411548016021, 
        "50:46:5d:4f:a1:14": 13.595374048737176, 
        "24:fd:52:c3:41:df": 12.010411548016021, 
        "e8:94:f6:d1:51:98": 13.595374048737176, 
        "38:59:f9:dc:60:62": 6.169109294035078, 
        "74:d4:35:fb:6c:1d": 10.595374048737177, 
        "94:d7:71:1c:64:27": 9.688483453128658, 
        "38:48:4c:d1:d7:7a": 6.4868495919590075, 
        "b6:01:8c:9f:05:8b": 12.010411548016021, 
        "14:da:e9:ee:8f:c8": 8.13594243009988, 
        "f4:6d:04:91:c5:f9": 8.425449047294865, 
        "f4:6d:04:f0:2f:be": 9.595374048737177, 
        "48:5b:39:ca:98:ff": 10.273445953849814, 
        "28:e1:4c:09:c4:dd": 13.595374048737176, 
        "08:60:6e:7b:99:5b": 10.01041154801602, 
        "00:4f:70:20:53:46": 10.788019126679572, 
        "00:0b:82:16:da:8a": 13.595374048737176, 
        "c8:d7:19:f7:ce:9d": 13.595374048737176, 
        "9c:4e:36:cd:62:28": 7.255524045852551, 
        "00:21:5e:46:5f:a6": 13.595374048737176, 
        "50:46:5d:09:70:f5": 9.507911207486838, 
        "00:0b:82:1e:31:c3": 13.595374048737176, 
        "48:5b:39:c9:d3:e8": 6.203056625958417, 
        "30:85:a9:f6:18:6c": 7.867453594173977, 
        "00:4f:70:20:a2:c2": 10.788019126679572, 
        "00:4f:70:20:a0:44": 10.788019126679572, 
        "00:22:15:cb:28:c4": 9.894934330596085, 
        "90:72:40:97:92:1a": 11.273445953849814, 
        "1c:6f:65:8a:22:e5": 9.688483453128658, 
        "30:85:a9:45:ba:71": 5.937162565985382, 
        "50:b7:c3:51:d1:f1": 5.700556285429233, 
        "00:e0:4c:4d:14:d4": 11.595374048737176, 
        "d8:50:e6:bd:75:66": 8.13594243009988, 
        "d8:50:e6:bd:75:64": 10.01041154801602, 
        "00:4f:70:20:59:9a": 10.788019126679572, 
        "00:0b:82:17:00:8d": 12.595374048737176, 
        "74:d4:35:fa:65:a5": 9.894934330596085, 
        "00:0b:82:16:da:ed": 13.595374048737176, 
        "00:4f:70:20:65:db": 10.788019126679572, 
        "00:4f:70:20:a0:59": 10.788019126679572, 
        "64:31:50:d1:ea:07": 13.595374048737176, 
        "00:1a:70:8d:f1:67": 13.595374048737176, 
        "90:f6:52:00:9c:6b": 1.1040219751737421, 
        "36:fa:63:19:6a:9f": 12.595374048737176, 
        "00:4f:70:20:a0:66": 10.788019126679572, 
        "d8:50:e6:bd:75:6b": 6.282491093452822, 
        "40:f3:08:0d:ad:7d": 12.010411548016021, 
        "00:4f:70:20:a0:68": 10.788019126679572, 
        "00:26:18:ca:b4:8b": 10.13594243009988, 
        "d8:50:e6:bd:75:78": 10.595374048737177, 
        "00:0b:82:30:15:1b": 13.595374048737176, 
        "50:e5:49:3c:cf:77": 9.34744653529359, 
        "d8:50:e6:bd:75:74": 9.13594243009988, 
        "58:a2:b5:c4:c2:8e": 10.01041154801602, 
        "20:cf:30:c8:4e:8c": 10.425449047294864, 
        "00:1a:70:63:fe:b5": 6.788019126679572, 
        "00:1a:70:5a:74:c3": 12.595374048737176, 
        "1c:c1:de:34:4e:c3": 10.425449047294864, 
        "b8:af:67:a3:5f:4b": 8.425449047294865, 
        "00:4f:70:20:59:94": 10.788019126679572, 
        "00:15:f2:0d:33:c7": 11.273445953849814, 
        "00:4f:70:20:5a:b6": 10.788019126679572, 
        "20:6e:9c:08:c6:5b": 10.01041154801602, 
        "48:5b:39:39:53:74": 6.676510811462582, 
        "00:25:90:d5:35:c0": 10.425449047294864, 
        "50:b7:c3:05:12:2d": 5.156582196158916, 
        "d4:c9:ef:5a:27:ba": 12.010411548016021, 
        "48:5b:39:43:2f:c9": 1.7215454738502005, 
        "d8:50:e6:bd:75:e4": 10.595374048737177, 
        "00:0b:82:16:d5:af": 12.595374048737176, 
        "c6:e3:e2:76:79:28": 13.595374048737176, 
        "00:1f:c6:b3:e8:31": 9.071812092680164, 
        "c8:d7:19:b7:31:f6": 12.010411548016021, 
        "00:11:f5:31:5c:bf": 6.063992588220864, 
        "20:cf:30:b4:77:b8": 9.13594243009988, 
        "00:4f:70:20:66:a3": 10.788019126679572, 
        "00:0b:82:16:da:89": 13.595374048737176, 
        "00:0b:82:45:6b:32": 12.010411548016021, 
        "90:e6:ba:e3:98:27": 8.595374048737176, 
        "10:bf:48:73:5a:98": 9.788019126679572, 
        "00:00:74:bd:4e:c8": 7.573006235708721, 
        "00:0b:82:1d:01:32": 13.595374048737176, 
        "00:0b:82:1d:01:30": 13.595374048737176, 
        "00:0b:82:1d:01:31": 13.595374048737176, 
        "44:31:92:44:6a:b4": 13.595374048737176, 
        "00:0b:82:1d:02:42": 13.595374048737176, 
        "7c:fa:df:8c:bb:89": 12.010411548016021, 
        "00:0b:82:1a:b1:50": 13.595374048737176
    }, 
    "source_entropy": 2.6779822573199774, 
    "symbol_frequency": {
        "00:00:74:9b:ce:9e": 0.00016159004605316313, 
        "48:5b:39:43:2f:99": 0.0009695402763189787, 
        "00:22:15:c8:d8:bd": 0.0029894158519835176, 
        "00:4f:70:20:50:c9": 0.000565565161186071, 
        "84:38:38:09:08:dc": 0.0031510058980366807, 
        "48:5b:39:ba:8d:be": 0.005574856588834128, 
        "00:0b:82:6f:c8:94": 0.00016159004605316313, 
        "b8:5e:7b:62:4d:d8": 8.079502302658157e-05, 
        "90:e6:ba:d9:a8:b3": 0.0009695402763189787, 
        "00:0b:82:1a:b2:26": 8.079502302658157e-05, 
        "00:0b:82:3c:4d:0f": 0.00024238506907974468, 
        "50:46:5d:4f:a1:14": 8.079502302658157e-05, 
        "24:fd:52:c3:41:df": 0.00024238506907974468, 
        "e8:94:f6:d1:51:98": 8.079502302658157e-05, 
        "38:59:f9:dc:60:62": 0.01389674396057203, 
        "74:d4:35:fb:6c:1d": 0.0006463601842126525, 
        "94:d7:71:1c:64:27": 0.0012119253453987235, 
        "38:48:4c:d1:d7:7a": 0.011149713177668255, 
        "b6:01:8c:9f:05:8b": 0.00024238506907974468, 
        "14:da:e9:ee:8f:c8": 0.0035549810131695887, 
        "f4:6d:04:91:c5:f9": 0.0029086208289569363, 
        "f4:6d:04:f0:2f:be": 0.001292720368425305, 
        "48:5b:39:ca:98:ff": 0.0008079502302658156, 
        "28:e1:4c:09:c4:dd": 8.079502302658157e-05, 
        "08:60:6e:7b:99:5b": 0.0009695402763189787, 
        "00:4f:70:20:53:46": 0.000565565161186071, 
        "00:0b:82:16:da:8a": 8.079502302658157e-05, 
        "c8:d7:19:f7:ce:9d": 8.079502302658157e-05, 
        "9c:4e:36:cd:62:28": 0.006544396865153106, 
        "00:21:5e:46:5f:a6": 8.079502302658157e-05, 
        "50:46:5d:09:70:f5": 0.0013735153914518866, 
        "00:0b:82:1e:31:c3": 8.079502302658157e-05, 
        "48:5b:39:c9:d3:e8": 0.013573563868465702, 
        "30:85:a9:f6:18:6c": 0.004282136220408823, 
        "00:4f:70:20:a2:c2": 0.000565565161186071, 
        "00:4f:70:20:a0:44": 0.000565565161186071, 
        "00:22:15:cb:28:c4": 0.0010503352993455604, 
        "90:72:40:97:92:1a": 0.0004039751151329078, 
        "1c:6f:65:8a:22:e5": 0.0012119253453987235, 
        "00:0b:82:45:6b:32": 0.00024238506907974468, 
        "30:85:a9:45:ba:71": 0.016320594651369476, 
        "50:b7:c3:51:d1:f1": 0.01922921548032641, 
        "00:e0:4c:4d:14:d4": 0.00032318009210632626, 
        "d8:50:e6:bd:75:66": 0.0035549810131695887, 
        "d8:50:e6:bd:75:64": 0.0009695402763189787, 
        "00:4f:70:20:59:9a": 0.000565565161186071, 
        "00:0b:82:17:00:8d": 0.00016159004605316313, 
        "74:d4:35:fa:65:a5": 0.0010503352993455604, 
        "00:0b:82:16:da:ed": 8.079502302658157e-05, 
        "00:4f:70:20:65:db": 0.000565565161186071, 
        "00:4f:70:20:a0:59": 0.000565565161186071, 
        "64:31:50:d1:ea:07": 8.079502302658157e-05, 
        "00:1a:70:8d:f1:67": 8.079502302658157e-05, 
        "90:f6:52:00:9c:6b": 0.4652177425870566, 
        "36:fa:63:19:6a:9f": 0.00016159004605316313, 
        "00:4f:70:20:a0:66": 0.000565565161186071, 
        "d8:50:e6:bd:75:6b": 0.012846408661226468,