{
    "symbol_information": {
        "00:00:74:9b:ce:9e": 12.657820848757096, 
        "48:5b:39:43:2f:99": 10.957381130616005, 
        "00:22:15:c8:d8:bd": 9.40989333531351, 
        "00:4f:70:20:50:c9": 11.850465926699492, 
        "84:38:38:09:08:dc": 9.372418629894849, 
        "48:5b:39:ba:8d:be": 8.354040100579995, 
        "00:0b:82:6f:c8:94": 13.072858348035941, 
        "b8:5e:7b:62:4d:d8": 14.657820848757098, 
        "90:e6:ba:d9:a8:b3": 10.957381130616005, 
        "00:0b:82:1a:b2:26": 14.657820848757098, 
        "00:0b:82:3c:4d:0f": 13.072858348035941, 
        "50:46:5d:4f:a1:14": 13.657820848757098, 
        "24:fd:52:c3:41:df": 13.072858348035941, 
        "e8:94:f6:d1:51:98": 14.657820848757098, 
        "38:59:f9:dc:60:62": 7.065363811489018, 
        "74:d4:35:fb:6c:1d": 11.072858348035941, 
        "94:d7:71:1c:64:27": 10.75093025314858, 
        "38:48:4c:d1:d7:7a": 7.549296391978928, 
        "b6:01:8c:9f:05:8b": 12.657820848757096, 
        "14:da:e9:ee:8f:c8": 9.198389230119801, 
        "f4:6d:04:91:c5:f9": 9.40989333531351, 
        "f4:6d:04:f0:2f:be": 10.487895847314785, 
        "48:5b:39:ca:98:ff": 11.335892753869736, 
        "28:e1:4c:09:c4:dd": 14.657820848757098, 
        "08:60:6e:7b:99:5b": 11.072858348035941, 
        "00:4f:70:20:53:46": 11.850465926699492, 
        "00:0b:82:16:da:8a": 14.657820848757098, 
        "c8:d7:19:f7:ce:9d": 14.657820848757098, 
        "9c:4e:36:cd:62:28": 8.21487735290837, 
        "00:21:5e:46:5f:a6": 14.657820848757098, 
        "50:46:5d:09:70:f5": 10.487895847314785, 
        "00:0b:82:1e:31:c3": 14.657820848757098, 
        "48:5b:39:c9:d3:e8": 7.265503425978337, 
        "30:85:a9:f6:18:6c": 8.90293334659363, 
        "00:4f:70:20:a2:c2": 11.850465926699492, 
        "00:4f:70:20:a0:44": 11.850465926699492, 
        "00:22:15:cb:28:c4": 10.75093025314858, 
        "90:72:40:97:92:1a": 12.335892753869736, 
        "1c:6f:65:8a:22:e5": 10.657820848757098, 
        "30:85:a9:45:ba:71": 6.812330797812723, 
        "50:b7:c3:51:d1:f1": 6.581005251706267, 
        "00:e0:4c:4d:14:d4": 11.198389230119801, 
        "d8:50:e6:bd:75:66": 9.072858348035941, 
        "d8:50:e6:bd:75:64": 10.850465926699494, 
        "00:4f:70:20:59:9a": 11.850465926699492, 
        "00:0b:82:17:00:8d": 13.657820848757098, 
        "74:d4:35:fa:65:a5": 10.850465926699494, 
        "00:0b:82:16:da:ed": 14.657820848757098, 
        "00:4f:70:20:65:db": 11.850465926699492, 
        "00:4f:70:20:a0:59": 11.850465926699492, 
        "64:31:50:d1:ea:07": 14.657820848757098, 
        "00:1a:70:8d:f1:67": 14.657820848757098, 
        "90:f6:52:00:9c:6b": 1.0259617214743173, 
        "36:fa:63:19:6a:9f": 13.657820848757098, 
        "00:4f:70:20:a0:66": 11.850465926699492, 
        "d8:50:e6:bd:75:6b": 7.182087417790699, 
        "40:f3:08:0d:ad:7d": 13.072858348035941, 
        "00:4f:70:20:a0:68": 11.850465926699492, 
        "00:26:18:ca:b4:8b": 11.072858348035941, 
        "d8:50:e6:bd:75:78": 11.072858348035941, 
        "00:0b:82:30:15:1b": 14.657820848757098, 
        "50:e5:49:3c:cf:77": 10.013964658982372, 
        "d8:50:e6:bd:75:74": 10.198389230119801, 
        "58:a2:b5:c4:c2:8e": 10.957381130616005, 
        "20:cf:30:c8:4e:8c": 11.335892753869736, 
        "00:1a:70:63:fe:b5": 7.680540925257182, 
        "00:1a:70:5a:74:c3": 13.072858348035941, 
        "1c:c1:de:34:4e:c3": 11.198389230119801, 
        "b8:af:67:a3:5f:4b": 9.335892753869736, 
        "00:4f:70:20:59:94": 11.850465926699492, 
        "00:15:f2:0d:33:c7": 12.335892753869736, 
        "00:4f:70:20:5a:b6": 11.850465926699492, 
        "20:6e:9c:08:c6:5b": 11.072858348035941, 
        "48:5b:39:39:53:74": 3.933306995637147, 
        "00:25:90:d5:35:c0": 11.335892753869736, 
        "50:b7:c3:05:12:2d": 6.028464228677487, 
        "d4:c9:ef:5a:27:ba": 13.072858348035941, 
        "48:5b:39:43:2f:c9": 1.6156484955821688, 
        "d8:50:e6:bd:75:e4": 11.072858348035941, 
        "00:0b:82:16:d5:af": 13.657820848757098, 
        "c6:e3:e2:76:79:28": 14.657820848757098, 
        "00:1f:c6:b3:e8:31": 9.613426729398643, 
        "c8:d7:19:b7:31:f6": 13.072858348035941, 
        "00:11:f5:31:5c:bf": 6.9643338912577715, 
        "20:cf:30:b4:77:b8": 10.198389230119801, 
        "00:4f:70:20:66:a3": 11.850465926699492, 
        "00:0b:82:16:da:89": 14.657820848757098, 
        "00:0b:82:45:6b:32": 13.072858348035941, 
        "90:e6:ba:e3:98:27": 9.300268844139014, 
        "10:bf:48:73:5a:98": 10.570358007506758, 
        "00:00:74:bd:4e:c8": 8.635453035728643, 
        "00:0b:82:1d:01:32": 14.657820848757098, 
        "00:0b:82:1d:01:30": 14.657820848757098, 
        "00:0b:82:1d:01:31": 14.657820848757098, 
        "44:31:92:44:6a:b4": 14.657820848757098, 
        "00:0b:82:1d:02:42": 14.657820848757098, 
        "7c:fa:df:8c:bb:89": 13.072858348035941, 
        "00:0b:82:1a:b1:50": 14.657820848757098
    }, 
    "source_entropy": 2.228356324302581, 
    "symbol_frequency": {
        "00:00:74:9b:ce:9e": 0.00015474486440481257, 
        "48:5b:39:43:2f:99": 0.0005029208093156409, 
        "00:22:15:c8:d8:bd": 0.0014700762118457194, 
        "00:4f:70:20:50:c9": 0.000270803512708422, 
        "84:38:38:09:08:dc": 0.0015087624279469226, 
        "48:5b:39:ba:8d:be": 0.003056211071995048, 
        "00:0b:82:6f:c8:94": 0.00011605864830360942, 
        "b8:5e:7b:62:4d:d8": 3.8686216101203144e-05, 
        "90:e6:ba:d9:a8:b3": 0.0005029208093156409, 
        "00:0b:82:1a:b2:26": 3.8686216101203144e-05, 
        "00:0b:82:3c:4d:0f": 0.00011605864830360942, 
        "50:46:5d:4f:a1:14": 7.737243220240629e-05, 
        "24:fd:52:c3:41:df": 0.00011605864830360942, 
        "e8:94:f6:d1:51:98": 3.8686216101203144e-05, 
        "38:59:f9:dc:60:62": 0.0074664397075322065, 
        "74:d4:35:fb:6c:1d": 0.0004642345932144377, 
        "94:d7:71:1c:64:27": 0.0005802932415180472, 
        "38:48:4c:d1:d7:7a": 0.005338697821966033, 
        "b6:01:8c:9f:05:8b": 0.00015474486440481257, 
        "14:da:e9:ee:8f:c8": 0.0017021935084529382, 
        "f4:6d:04:91:c5:f9": 0.0014700762118457194, 
        "f4:6d:04:f0:2f:be": 0.0006963518898216566, 
        "48:5b:39:ca:98:ff": 0.0003868621610120314, 
        "28:e1:4c:09:c4:dd": 3.8686216101203144e-05, 
        "08:60:6e:7b:99:5b": 0.0004642345932144377, 
        "00:4f:70:20:53:46": 0.000270803512708422, 
        "00:0b:82:16:da:8a": 3.8686216101203144e-05, 
        "c8:d7:19:f7:ce:9d": 3.8686216101203144e-05, 
        "9c:4e:36:cd:62:28": 0.003365700800804673, 
        "00:21:5e:46:5f:a6": 3.8686216101203144e-05, 
        "50:46:5d:09:70:f5": 0.0006963518898216566, 
        "00:0b:82:1e:31:c3": 3.8686216101203144e-05, 
        "48:5b:39:c9:d3:e8": 0.006499284305002128, 
        "30:85:a9:f6:18:6c": 0.00208905566946497, 
        "00:4f:70:20:a2:c2": 0.000270803512708422, 
        "00:4f:70:20:a0:44": 0.000270803512708422, 
        "00:22:15:cb:28:c4": 0.0005802932415180472, 
        "90:72:40:97:92:1a": 0.0001934310805060157, 
        "1c:6f:65:8a:22:e5": 0.0006189794576192503, 
        "00:0b:82:45:6b:32": 0.00011605864830360942, 
        "30:85:a9:45:ba:71": 0.008897829703276723, 
        "50:b7:c3:51:d1:f1": 0.010445278347324848, 
        "00:e0:4c:4d:14:d4": 0.00042554837711323456, 
        "d8:50:e6:bd:75:66": 0.0018569383728577508, 
        "d8:50:e6:bd:75:64": 0.000541607025416844, 
        "00:4f:70:20:59:9a": 0.000270803512708422, 
        "00:0b:82:17:00:8d": 7.737243220240629e-05, 
        "74:d4:35:fa:65:a5": 0.000541607025416844, 
        "00:0b:82:16:da:ed": 3.8686216101203144e-05, 
        "00:4f:70:20:65:db": 0.000270803512708422, 
        "00:4f:70:20:a0:59": 0.000270803512708422, 
        "64:31:50:d1:ea:07": 3.8686216101203144e-05, 
        "00:1a:70:8d:f1:67": 3.8686216101203144e-05, 
        "90:f6:52:00:9c:6b": 0.4910828271886727, 
        "36:fa:63:19:6a:9f": 7.737243220240629e-05, 
        "00:4f:70:20:a0:66": 0.000270803512708422, 
        "d8:50:e6:bd:75:6b": 0.006886146466014159,