{
    "symbol_information": {
        "192.168.1.100": 0.3569120866475614, 
        "192.168.1.104": 7.6357714596430375, 
        "192.168.1.105": 9.401306206006014, 
        "192.168.1.111": 6.231381204563703, 
        "192.168.1.107": 3.9158793788357733, 
        "192.168.1.106": 5.383384298008752, 
        "192.168.1.1": 3.609492134844189, 
        "192.168.1.110": 5.199672344836364
    }, 
    "source_entropy": 1.239540075384087, 
    "symbol_frequency": {
        "192.168.1.100": 0.7808340727595386, 
        "192.168.1.104": 0.005028098195800059, 
        "192.168.1.105": 0.0014788524105294291, 
        "192.168.1.106": 0.023957409050576754, 
        "192.168.1.107": 0.06625258799171843, 
        "192.168.1.111": 0.013309671694764862, 
        "192.168.1.1": 0.08192842354333038, 
        "192.168.1.110": 0.027210884353741496
    }
}