{
    "symbol_information": {
        "172.23.133.133": 9.593702350285316, 
        "172.23.133.57": 5.34577483684173, 
        "172.23.133.18": 9.593702350285316, 
        "169.254.176.129": 9.593702350285316, 
        "169.254.124.69": 9.593702350285316, 
        "172.23.133.81": 6.271774255397954, 
        "172.23.133.49": 9.178664851006472, 
        "172.23.132.23": 9.178664851006472, 
        "172.23.133.45": 7.719233232369175, 
        "172.23.133.44": 10.178664851006472, 
        "172.23.133.43": 10.178664851006472, 
        "172.23.132.20": 9.593702350285316, 
        "172.23.133.41": 7.271774255397954, 
        "172.23.133.15": 9.593702350285316, 
        "172.23.132.21": 8.85673675611911, 
        "172.23.133.29": 8.371309928948868, 
        "172.23.133.28": 8.85673675611911, 
        "172.23.133.66": 9.178664851006472, 
        "172.23.133.54": 5.070140394228303, 
        "172.23.133.26": 9.178664851006472, 
        "172.23.133.21": 8.85673675611911, 
        "172.23.133.20": 8.178664851006472, 
        "172.23.134.15": 4.059723778282964, 
        "172.23.134.14": 9.593702350285316, 
        "172.23.134.16": 4.593702350285316, 
        "172.23.218.157": 10.178664851006472, 
        "172.23.134.10": 3.7192332323691746, 
        "172.23.134.13": 4.593702350285316, 
        "172.23.133.9": 8.593702350285316, 
        "172.23.133.6": 7.178664851006472, 
        "172.23.134.11": 3.6317703911188355, 
        "172.23.133.4": 6.47822513286538, 
        "172.23.133.5": 10.178664851006472, 
        "172.23.133.1": 6.271774255397954, 
        "172.23.133.14": 9.593702350285316, 
        "172.23.132.8": 7.719233232369175, 
        "172.23.132.6": 8.85673675611911, 
        "172.23.132.4": 5.5348086612317475, 
        "172.23.218.187": 8.178664851006472, 
        "172.23.132.9": 6.271774255397954, 
        "172.23.218.184": 9.178664851006472, 
        "172.23.218.1": 4.397305137481813, 
        "172.23.218.181": 9.593702350285316, 
        "172.23.132.17": 9.178664851006472, 
        "172.23.135.1": 6.593702350285316, 
        "172.23.134.7": 6.856736756119109, 
        "172.23.134.6": 8.178664851006472, 
        "172.23.132.13": 8.593702350285316, 
        "172.23.132.12": 11.178664851006472, 
        "172.23.132.11": 6.655102894949459, 
        "172.23.132.10": 6.271774255397954, 
        "172.23.133.51": 8.371309928948868, 
        "172.23.133.52": 7.371309928948867, 
        "172.23.134.9": 4.593702350285316, 
        "172.23.132.18": 9.178664851006472, 
        "172.23.218.161": 9.593702350285316, 
        "172.23.134.5": 4.593702350285316, 
        "172.23.218.163": 11.178664851006472, 
        "172.23.132.50": 9.593702350285316, 
        "172.23.133.11": 7.00873984956416, 
        "172.23.133.38": 9.593702350285316, 
        "172.23.133.39": 7.371309928948867, 
        "172.23.134.24": 4.070140394228303, 
        "172.23.134.25": 6.930737337562887, 
        "172.23.133.78": 6.271774255397954, 
        "172.23.134.27": 7.478225132865379, 
        "172.23.133.32": 7.593702350285317, 
        "172.23.133.19": 7.856736756119109, 
        "172.23.133.30": 8.593702350285316, 
        "172.23.135.253": 7.593702350285317, 
        "172.23.135.252": 7.593702350285317, 
        "172.23.132.15": 9.178664851006472, 
        "172.23.135.254": 2.430472001417012, 
        "172.23.133.12": 11.178664851006472, 
        "172.23.133.34": 9.593702350285316
    }, 
    "source_entropy": 4.735433207501802, 
    "symbol_frequency": {
        "172.23.133.133": 0.0012942191544434857, 
        "172.23.133.32": 0.005176876617773943, 
        "169.254.176.129": 0.0012942191544434857, 
        "172.23.133.81": 0.012942191544434857, 
        "172.23.133.30": 0.0025884383088869713, 
        "172.23.133.49": 0.001725625539257981, 
        "172.23.132.23": 0.001725625539257981, 
        "172.23.133.45": 0.004745470232959448, 
        "172.23.132.21": 0.0021570319240724763, 
        "172.23.133.43": 0.0008628127696289905, 
        "172.23.132.20": 0.0012942191544434857, 
        "172.23.133.41": 0.0064710957722174285, 
        "172.23.132.50": 0.0012942191544434857, 
        "172.23.135.254": 0.18550474547023296, 
        "172.23.133.44": 0.0008628127696289905, 
        "172.23.133.29": 0.0030198446937014668, 
        "172.23.133.28": 0.0021570319240724763, 
        "172.23.133.66": 0.001725625539257981, 
        "172.23.134.9": 0.04141501294219154, 
        "172.23.133.26": 0.001725625539257981, 
        "172.23.133.21": 0.0021570319240724763, 
        "172.23.133.20": 0.003451251078515962, 
        "172.23.134.15": 0.05996548748921484, 
        "172.23.134.14": 0.0012942191544434857, 
        "172.23.134.16": 0.04141501294219154, 
        "172.23.218.157": 0.0008628127696289905, 
        "172.23.134.10": 0.07592752372735116, 
        "172.23.134.13": 0.04141501294219154, 
        "172.23.133.9": 0.0025884383088869713, 
        "172.23.133.6": 0.006902502157031924, 
        "172.23.134.11": 0.08067299396031061, 
        "172.23.133.4": 0.011216566005176877, 
        "172.23.133.5": 0.0008628127696289905, 
        "172.23.133.1": 0.012942191544434857, 
        "172.23.218.161": 0.0012942191544434857, 
        "172.23.218.184": 0.001725625539257981, 
        "172.23.132.6": 0.0021570319240724763, 
        "172.23.132.4": 0.021570319240724764, 
        "172.23.218.187": 0.003451251078515962, 
        "172.23.132.9": 0.012942191544434857, 
        "172.23.132.8": 0.004745470232959448, 
        "172.23.218.1": 0.04745470232959448, 
        "172.23.218.181": 0.0012942191544434857, 
        "172.23.132.17": 0.001725625539257981, 
        "172.23.135.1": 0.010353753235547885, 
        "172.23.134.7": 0.008628127696289905, 
        "172.23.134.6": 0.003451251078515962, 
        "172.23.132.13": 0.0025884383088869713, 
        "172.23.132.12": 0.0004314063848144953, 
        "172.23.132.11": 0.00992234685073339, 
        "172.23.132.10": 0.012942191544434857, 
        "172.23.133.51": 0.0030198446937014668, 
        "172.23.133.52": 0.0060396893874029335, 
        "172.23.133.54": 0.029767040552200173, 
        "172.23.132.18": 0.001725625539257981, 
        "172.23.133.14": 0.0012942191544434857, 
        "172.23.134.5": 0.04141501294219154, 
        "172.23.218.163": 0.0004314063848144953, 
        "172.23.133.15": 0.0012942191544434857, 
        "172.23.133.11": 0.007765314926660914, 
        "172.23.133.38": 0.0012942191544434857, 
        "172.23.133.39": 0.0060396893874029335, 
        "172.23.134.24": 0.059534081104400345, 
        "172.23.134.25": 0.00819672131147541, 
        "172.23.133.78": 0.012942191544434857, 
        "172.23.134.27": 0.0056082830025884385, 
        "172.23.133.18": 0.0012942191544434857, 
        "172.23.133.19": 0.004314063848144953, 
        "172.23.133.57": 0.02459016393442623, 
        "172.23.135.253": 0.005176876617773943, 
        "172.23.135.252": 0.005176876617773943, 
        "172.23.132.15": 0.001725625539257981, 
        "169.254.124.69": 0.0012942191544434857, 
        "172.23.133.12": 0.0004314063848144953, 
        "172.23.133.34": 0.0012942191544434857
    }
}